,participant,wcst_RT,fitts_mean_deviation,nback_status,nback_reaction_time_ms,navon_perc_correct,navon_reaction_time_ms,corsi_block_span
0,388850.0,1243.94,-152.3,0.975,2194.9,0.6153846153846154,831.0384615384614,8.0
100,951022.0,1264.49,11.95,0.8375,2502.225,0.8397435897435898,711.1474358974359,7.0
200,919015.0,1528.54,-170.75,0.8625,2365.3625,0.6762820512820513,800.5544871794872,6.0
300,948779.0,1287.13,-58.2,0.9875,2184.5,0.7596153846153846,821.8717948717949,6.0
400,552414.0,1614.98,-58.5,0.7,3000.0,0.6378205128205128,861.5160256410256,0.0
500,438865.0,1473.57,-294.2,0.9875,2110.675,0.7596153846153846,736.9455128205128,4.0
600,440534.0,1652.96,-177.35,0.8,2064.1875,0.4391025641025641,1366.3653846153848,5.0
700,461272.0,1085.11,-41.9,0.625,2228.2125,0.46153846153846156,351.96153846153845,6.0
800,647658.0,2077.6,-207.4,0.875,2526.9,0.8782051282051282,1109.1923076923076,5.0
900,420839.0,1943.61,-301.6,0.7875,2011.0375,0.8333333333333333,1262.4166666666665,5.0
1000,260309.0,1656.84,-205.1,0.75,2383.575,0.3621794871794872,434.56410256410254,5.0
1100,364516.0,2368.68,-302.9,0.6625,2660.2125,0.0,4000.0,0.0
1200,640181.0,1707.59,-266.0,0.7,1750.9,0.3621794871794872,1624.2628205128203,4.0
1300,117306.0,2044.93,-141.8,0.975,2343.2625,0.7628205128205128,1290.3333333333335,5.0
1400,122240.0,2023.51,-60.1,0.8875,2060.45,0.9230769230769231,846.9903846153846,5.0
1500,866118.0,1183.06,-50.5,0.975,2128.575,0.8461538461538461,769.3461538461538,5.0
1600,720294.0,1399.73,-78.25,0.95,2442.5375,0.7307692307692308,890.8076923076923,0.0
1700,873417.0,1146.0,38.75,0.9375,2339.6625,0.6762820512820513,874.9230769230769,6.0
1800,864636.0,1299.51,-148.55,0.8625,2116.8875,0.7692307692307692,884.0769230769231,7.0
1900,438446.0,1238.83,-84.45,0.725,3000.0,0.4807692307692308,671.7307692307693,6.0
2000,672956.0,1306.53,-155.5,0.9625,2337.8,0.75,633.3333333333333,6.0
2100,952799.0,1638.86,-90.65,0.825,1932.55,0.5,2486.333333333333,5.0
2200,397451.0,1386.95,-51.6,0.9125,2158.2875,0.641025641025641,819.7371794871794,7.0
2300,971229.0,1073.83,-66.85,0.9875,2066.5125,0.8869047619047619,718.8333333333333,6.0
2400,211021.0,1362.53,-292.75,0.8375,2293.1375,0.9615384615384616,775.0801282051282,6.0
2500,612204.0,1568.43,-114.25,0.625,1712.15,1.0,1032.6666666666667,0.0
2600,358494.0,1362.32,-85.1,1.0,2143.2625,0.7948717948717949,1002.5384615384615,7.0
2700,667664.0,1431.42,-4.4,0.6875,1915.6,0.6314102564102564,897.4391025641025,8.0
2800,794450.0,2041.14,-584.95,0.8125,2383.1625,0.8846153846153846,1123.9711538461538,0.0
2900,190562.0,1761.66,-75.6,0.9,2309.225,0.6794871794871795,994.0096153846154,6.0
3000,615351.0,1160.71,-96.95,0.9625,2288.875,0.8333333333333333,719.5,4.0
3100,469441.0,1336.19,-134.1,0.925,2104.1125,0.875,733.8333333333333,7.0
3200,891096.0,1512.87,-25.55,0.875,2488.2125,0.7980769230769231,1031.5865384615386,5.0
3300,461852.0,1467.63,-196.8,0.725,1574.95,0.7916666666666666,834.1666666666667,4.0
3400,459223.0,1359.07,-208.7,0.8875,2259.0625,0.625,891.5,6.0
3500,291756.0,1419.04,-138.45,0.9625,2389.8,0.8012820512820513,994.2147435897436,6.0
3600,895883.0,1748.98,-143.7,0.9,2175.275,0.0,699.6538461538462,0.0
3700,388021.0,1227.45,-55.75,0.8375,1984.3625,0.6666666666666667,780.875,6.0
3800,271279.0,1249.54,-131.0,0.7375,2243.0875,0.6378205128205128,781.2724358974359,4.0
3900,979785.0,1180.42,-28.25,0.925,2147.4625,0.842948717948718,784.9807692307693,5.0
4000,572735.0,1141.1,-119.7,0.9625,2133.5875,0.875,861.5416666666666,6.0
4100,130202.0,1637.83,-386.15,0.725,3000.0,0.45833333333333337,612.125,6.0
4200,103322.0,1406.27,-203.05,0.925,2373.625,0.9198717948717949,979.7596153846154,6.0
4300,279127.0,1774.18,-192.0,0.9,2414.65,0.7628205128205128,949.5576923076924,5.0
4400,978676.0,1911.29,-590.4,0.6625,2839.1875,0.0,1128.8141025641025,6.0
4500,936870.0,1891.87,-115.4,0.7625,2523.2125,0.7564102564102564,1228.375,8.0
4600,664687.0,1516.24,-377.65,0.6625,2967.5125,0.9230769230769231,982.7435897435897,6.0
4700,183102.0,2113.56,-205.55,0.8375,2422.4375,0.8814102564102564,1279.400641025641,6.0
4800,485561.0,1723.33,-180.95,0.975,2157.0625,0.6025641025641025,1629.5833333333335,4.0
4900,895200.0,1370.16,-2.85,0.8375,2492.1375,0.23397435897435898,1367.3141025641025,9.0
5000,507361.0,2805.91,-1323.6,0.8375,2287.3875,0.25,2309.0,0.0
5100,524310.0,1492.65,-266.9,0.7125,2904.5875,0.625,782.1666666666667,6.0
5200,709209.0,1582.75,-269.05,0.95,2500.4125,0.8365384615384616,822.6282051282051,0.0
5300,599007.0,1362.21,43.7,0.925,2214.025,0.8044871794871795,645.1858974358975,8.0
5400,652890.0,1866.38,-59.7,0.95,1893.65,0.7916666666666666,898.7916666666667,5.0
5500,737724.0,1640.77,-60.7,0.825,2111.875,1.0,956.75,6.0
5600,937746.0,1734.02,-186.85,0.7375,3000.0,0.7147435897435898,780.2628205128206,7.0
5700,793438.0,889.71,-184.85,1.0,2126.15,0.9198717948717949,618.7884615384615,5.0
5800,153366.0,1539.97,-402.15,0.9375,2048.5,0.8461538461538461,1148.7692307692307,6.0
5900,223984.0,1519.99,-255.2,0.975,2216.85,0.875,881.6666666666667,7.0
6000,256218.0,1471.62,-120.35,0.875,2308.5,0.8846153846153846,713.8076923076924,5.0
6100,486018.0,1425.27,-170.1,0.95,2124.1625,0.9166666666666667,706.3333333333333,4.0
6200,100934.0,1795.16,-5.7,0.9,2225.9125,0.3141025641025641,631.176282051282,4.0
6300,722252.0,1204.12,-252.4,0.925,1888.3125,0.9230769230769231,795.150641025641,5.0
6400,438401.0,972.01,-23.95,0.9625,2155.3375,0.8397435897435898,934.75,6.0
6500,699794.0,1180.52,-129.0,0.8875,2545.25,0.7916666666666666,932.5833333333333,6.0
6600,889197.0,2124.04,-149.7,0.825,2369.875,0.5384615384615384,1144.4615384615386,5.0
6700,208212.0,1663.26,-124.0,0.9625,2254.8375,0.8365384615384616,906.8717948717949,5.0
6800,628718.0,1269.06,-69.85,0.9,2067.4,0.8365384615384616,714.0480769230769,0.0
6900,276141.0,1630.38,-248.55,0.6,2816.5,0.625,1390.4583333333335,6.0
7000,489027.0,1033.48,-118.2,0.95,2181.2,0.9583333333333333,682.6130952380952,6.0
7100,223992.0,1389.76,-67.5,0.9,1929.2,0.6794871794871795,765.2051282051282,7.0
7200,393191.0,979.31,-47.55,0.9125,2492.675,0.9230769230769231,1111.7307692307693,7.0
7300,317920.0,2064.8,-27.8,0.6875,1843.0875,0.6428571428571428,983.0119047619048,6.0
7400,819142.0,1318.72,-175.1,0.95,2382.8625,0.9615384615384616,840.9967948717949,5.0
7500,723258.0,1818.86,-648.65,0.9375,2462.1375,0.7948717948717949,1844.9166666666665,6.0
7600,468185.0,1072.0,-136.55,1.0,2285.7125,0.8846153846153846,703.1923076923076,6.0
7700,678629.0,1029.59,-218.75,0.6375,3000.0,0.8452380952380952,684.2559523809524,8.0
7800,892549.0,1294.19,-335.55,0.9125,2369.25,0.45833333333333337,803.7916666666667,5.0
7900,352526.0,1940.4,-176.35,0.875,2233.925,0.9615384615384616,807.698717948718,7.0
8000,674647.0,1032.24,-1213.0,0.8875,2339.8875,0.7211538461538461,715.0160256410256,7.0
8100,491090.0,1450.58,-0.45,0.9375,2129.125,0.875,803.4166666666666,0.0
8200,960412.0,2120.01,-64.75,0.725,1671.4625,0.75,1309.5,5.0
8300,573978.0,1130.95,-275.05,0.7,2290.6625,0.8782051282051282,813.8878205128206,7.0
8400,216377.0,1227.01,-112.25,0.9625,2262.2,0.5384615384615384,698.8461538461538,6.0
8500,840021.0,1140.91,-108.25,0.3625,294.875,0.5833333333333333,894.5,4.0
8600,360939.0,1273.37,-153.8,0.8125,2002.8375,0.7083333333333333,663.9166666666667,5.0
8700,513724.0,2004.53,-65.9,0.5875,2166.8875,0.3869047619047619,1517.6785714285716,6.0
8800,663604.0,870.17,-1375.0,0.95,2133.5125,0.6666666666666667,797.7083333333333,5.0
8900,235651.0,1700.48,-138.0,0.925,2326.4875,1.0,905.8589743589744,4.0
9000,663372.0,1588.67,-242.1,0.7625,2003.9125,0.9198717948717949,733.8814102564102,4.0
9100,559530.0,1508.64,-315.1,0.7125,2907.2875,0.0,4000.0,7.0
9200,644865.0,1242.58,-21.85,1.0,2450.5875,0.9615384615384616,671.8076923076923,7.0
9300,948158.0,1761.87,-31.3,0.8875,2220.0125,0.8846153846153846,886.6153846153845,0.0
9400,217762.0,1955.94,-623.15,0.8625,2440.5375,0.9166666666666667,1967.7916666666665,6.0
9500,107700.0,1415.35,-342.65,0.95,2138.775,0.9198717948717949,710.9583333333333,6.0
9600,812735.0,1292.85,-148.2,0.975,2147.05,0.8782051282051282,704.573717948718,5.0
9700,412246.0,2151.25,-143.05,0.675,1496.2875,0.5,2345.730769230769,0.0
9800,152049.0,1539.14,-178.7,0.6,1360.2,0.8461538461538463,949.1923076923076,7.0
9900,165654.0,1177.77,-124.4,0.925,2216.725,0.75,590.5416666666666,6.0
